"","year","PAMSOUNDtemperature"
"1",1974,17.5
"2",1975,14
"3",1976,9.52173913043478
"4",1977,12.4444444444444
"5",1978,18
"6",1979,8.375
"7",1980,16.3076923076923
"8",1981,15.9166666666667
"9",1982,12.4166666666667
"10",1983,15.9189814814815
"11",1984,15.3888888888889
"12",1985,17
"13",1986,17.5
"14",1990,16.6
"15",1992,16.3333333333333
"16",1993,17.1
