"","Estimate","Std. Error","t value","Pr(>|t|)"
"(Intercept)",44.997382169819,0.32130103811813,140.047422297077,0
"date",-0.00149559607591521,2.06328358477313e-05,-72.4862101822836,0
