Year,Estuarine Chlorophyll a (ug/L)
2001,5.578654091
2002,6.363737667
2003,12.08042484
2004,8.699194688
2005,9.208338801
2006,8.039482311
2007,7.028133339
2008,5.116757239
2009,8.300634571
2010,9.011474241
2011,8.192705773
2012,8.990680913
2013,7.244759997
2014,10.94179523
2015,11.48310928
2016,8.942760179
2017,8.568972336
2018,11.50125001
2019,9.419538176
