"","year","mean_pH"
"1",1974,6.91666666666667
"2",1975,8
"3",1976,8
"4",1977,7.66666666666667
"5",1978,7.91787878787879
"6",1979,7.82098567193676
"7",1980,7.82323717948718
"8",1981,7.88541666666667
"9",1982,7.53044191919192
"10",1983,7.7475
"11",1984,7.89286616161616
"12",1985,7.8875
"13",1986,7.98
"14",1990,8.33333333333333
"15",1992,8.15833333333333
"16",1993,8.08333333333333
"17",1994,8.14444444444444
